First Name,Last Name,Age,Email Address,Password,Results
Chris,Jackson,23,Chrisjack@gmail.com,Jackson1997,Pos
Amber,White,21,Amber@yahoo.com,248,Neg
James,Anderson,15,JamesA15@gmail.com,Jman15,Neg
Tom,Gammage,32,TomG@gmail.com,Tom32,Pos
Kayla,Tomas,25,KayTomas@Outlook.com,Bjbdjwbfjmd,Pos
John,Little,18,JohnLittle@gmail.com,Little96,Neg
Scott,Eaton,18,ScottE@gmail.com,Wampers96,Neg
Eric,Strong,43,EazyES@gmail.com,JkdHdhdkahKLdgeionH,Neg
Aidan,Solomon,37,AidanS19@gmail.com,HkdhgfkahKLhdi,Pos
Melina,Kane,25,KaneM@gmail.com,MsKane1000,Pos
Abigail,Bond,45,ABond97@gmail.com,NotJamesBond,Neg
Selah,Crane,50,SelahCrane@gmail.com,XydfsVmvbms,Pos
Azul,Guerrer,15,AzulG@gmail.com,ZhskfsNfhfosfj,Pos
Maia,Padilla,78,MaiaP@gmail.com,QueenP2000,Neg
,,,,,
,,,,,
,,,,,
